,url
0,https://www.amazon.in/Plum-Green-Pore-Cleansing-Face/dp/B00OCJ5H08
1,https://www.amazon.in/Plum-Renewed-Clarity-Night-Green/dp/B076D5V211
2,https://www.amazon.in/Plum-Mandarin-Ascorbic-Hyperpigmentation-Fragrance-Free/dp/B095PRGHDX
3,https://www.amazon.in/Plum-Green-Alcohol-Toner-200ml/dp/B00OCJ5M6C
4,https://www.amazon.in/Plum-Green-Mattifying-Moisturizer-50ml/dp/B00OCJ5PUU
5,https://www.amazon.in/Plum-Niacinamide-Fermented-Blemish-Free-Fragrance-Free/dp/B097R8B7J7
6,https://www.amazon.in/Plum-BodyLovin-Vanilla-Mosturization-Silicone/dp/B08N6C9CBG
7,https://www.amazon.in/Plum-Velvet-Tinted-Fruity-Cruelty/dp/B08MC5MJ33
8,https://www.amazon.in/Plum-Luminence-Deep-Moisturizing-Cream/dp/B0722Y6TD7
9,https://www.amazon.in/Plum-Bulgarian-Hyaluronic-Fragrance-Tightening/dp/B093CNS6G1
10,https://www.amazon.in/Plum-Moisturizer-Fragrance-Niacinamide-Hyaluronic/dp/B08ZL8YM1B
11,https://www.amazon.in/Plum-Sheer-Matte-Cream-Chamomile/dp/B01GVNSF38
12,https://www.amazon.in/Plum-Green-Tea-Experience-Kit/dp/B0853LG5KT
13,https://www.amazon.in/Plum-Glow-Restore-Face-Grape-Buckthorn/dp/B0799GVTHD
14,https://www.amazon.in/Plum-Green-Day-Light-Sunscreen-Prone/dp/B07QGN93K2
15,https://www.amazon.in/Plum-Green-Revitalizing-Face-100ml/dp/B07C229HS1
16,https://www.amazon.in/Plum-Green-Clear-Spot-light-Scars/dp/B07Y92FT11
17,https://www.amazon.in/Plum-Bright-Years-Restorative-Overnight/dp/B07NSCCTTR
18,https://www.amazon.in/Plum-Green-Clear-Face-Mask/dp/B00OCJ5SW0
19,https://www.amazon.in/Plum-Luminence-Simply-Supple-Cleansing/dp/B08423CWXC
20,https://www.amazon.in/Plum-Chamomile-Quick-absorbing-Birghten-Combination/dp/B08LYB61MX
21,https://www.amazon.in/Plum-Skin-Revival-Chamomile-White/dp/B01GVRW7VK
22,https://www.amazon.in/Plum-Hello-Aloe-Skin-Loving/dp/B00OCJ5668
23,https://www.amazon.in/Plum-Calming-Antioxidant-Toner-Chamomile/dp/B01GVQTYPI
24,https://www.amazon.in/Plum-Hello-Types-Multi-purpose-Fragrance/dp/B08R8JF76B
25,https://www.amazon.in/Plum-Bubble-yum-Tinted-Fruity-Cruelty/dp/B08MC5GLG4
26,https://www.amazon.in/Plum-Chamomile-White-Glow-Getter/dp/B0725CDLZY
27,https://www.amazon.in/Plum-BodyLovin-Vanilla-Moisturization-Silicone/dp/B08P7BBCZH
28,https://www.amazon.in/Plum-Grape-Buckthorn-Nutri-Plenish/dp/B07BZPLJ9V
29,https://www.amazon.in/Plum-Hello-Aloe-Caring-Moisturizer/dp/B018UA2XLA
30,https://www.amazon.in/Plum-Revival-Blackhead-Extracts-Acne-Prone/dp/B08GLGBL9F
31,https://www.amazon.in/Plum-Green-Cleansing-Bright-Paraben/dp/B09PNPM8TX
32,https://www.amazon.in/Plum-BodyLovin-Hawaiian-Hydration-Silicone/dp/B08JGZ5WG8
33,https://www.amazon.in/Plum-Grape-Buckthorn-Light-Cream/dp/B00OCJ6VE4
34,https://www.amazon.in/Plum-BodyLovin-Hawaiian-Sulphate-Non-Drying/dp/B08BL4FQB3
35,https://www.amazon.in/Plum-E-Luminence-Nourishing-Toning-Water/dp/B0842K9X9Z
36,https://www.amazon.in/Plum-Mandarin-Improves-Fragrance-Transparent/dp/B09MD3LDZQ
37,https://www.amazon.in/Plum-Charcoal-Activated-Cleansing-Sulphate-Free/dp/B09FTFPHWD
38,https://www.amazon.in/Plum-Chamomile-Quick-absorbing-Combination-Cruelty/dp/B08LYDJB9L
39,https://www.amazon.in/Plum-Exfoliating-Exfoliation-Salicylic-Gluconolactone/dp/B09GKPWRCV
40,https://www.amazon.in/Plum-Hello-Gentle-Cleansing-Lotion/dp/B00OCJ4W5O
41,https://www.amazon.in/Plum-Bakuchiol-Wrinkles-Promotes-Fragrance-Free/dp/B09CH6PWSM
42,https://www.amazon.in/Plum-BodyLovin-odorizing-Aluminium-free-Deodorant/dp/B095KP98KB
43,https://www.amazon.in/Plum-Green-Skin-Clarifying-Concentrate/dp/B07DK7DFVV
44,https://www.amazon.in/Plum-Chamomile-White-Brighten-Scrub/dp/B0722RT9ZY
45,https://www.amazon.in/Plum-Grape-Buckthorn-Nurturance-Night/dp/B00OCJ6ZKO
46,https://www.amazon.in/Plum-BodyLovin-Orchid-You-Not-Sulphate-Non-Drying/dp/B091CVL6NB
47,https://www.amazon.in/Plum-Bright-Years-All-Day-Defence/dp/B07NS982GR
48,https://www.amazon.in/Plum-BodyLovin-odorizing-Aluminium-free-Eliminates/dp/B095KS4R5G
49,https://www.amazon.in/Plum-Bright-Years-Under-Eye-Recovery/dp/B07NSFRGQ9
50,https://www.amazon.in/Plum-Green-Tea-Prone-Vegan/dp/B07VQ7YNH1
51,https://www.amazon.in/Plum-Green-Moisture-Gift-Fights/dp/B08PG3DPT6
52,https://www.amazon.in/Plum-Candy-Melts-Tinted-Cruelty/dp/B08MC3CBZ9
53,https://www.amazon.in/Plum-Green-Face-Care-Free/dp/B0722HM4YF
54,https://www.amazon.in/Plum-Alcohol-Free-Fragrance-Formula-Non-Drying/dp/B09BJX6BYB
55,https://www.amazon.in/Plum-BodyLovin-Hawaiian-Moisturization-Silicone/dp/B08M5BJLNH
56,https://www.amazon.in/Plum-BodyLovin-Smoothie-Moisturization-Silicone/dp/B08JH6JYPV
57,https://www.amazon.in/Plum-Bright-Years-Renewal-Serum/dp/B07NSCT88X
58,https://www.amazon.in/Plum-Bodylovin-Moisturization-Sulphate-Vanilla/dp/B08X65T4X6
59,https://www.amazon.in/Plum-Hyaluronic-Bulgarian-Fragrance-Free-Transparent/dp/B09C6G22MP
60,https://www.amazon.in/Plum-Mattifying-Moisturizer-Acne-Prone-Lightweight/dp/B09PNNVCKM
61,https://www.amazon.in/Plum-Luminence-So-Smooth-Hyaluronic-Smoothens/dp/B08XMZS3NV
62,https://www.amazon.in/Plum-BodyLovin-Hawaiian-Non-Greasy-Cruelty-Free/dp/B08P7538LX
63,https://www.amazon.in/Plum-SPF20-Hello-Ultra-Lotion/dp/B00OCJ5D7K
64,https://www.amazon.in/Plum-Candy-Melts-plumping-Cruelty/dp/B08MC4WG6N
65,https://www.amazon.in/Plum-Luminence-Bright-Face-Serum/dp/B078GP6DHQ
66,https://www.amazon.in/Plum-Grape-Seed-Buckthorn-Scrub/dp/B00OCJ6SII
67,https://www.amazon.in/Plum-BodyLovin-Smoothie-Moisturization-Silicone/dp/B08JGZ6M8F
68,https://www.amazon.in/Plum-BodyLovin-Moisturization-Paraben-Silicone/dp/B08P7B36QG
69,https://www.amazon.in/Plum-BodyLovin-Vanilla-Brightening-Sulphate/dp/B08M57MTVS
70,https://www.amazon.in/Plum-Grape-Seed-Buckthorn-Renaissance/dp/B00OCJ72VU
71,https://www.amazon.in/Plum-Green-At-Home-Facial-Instant/dp/B08P3CR972
72,https://www.amazon.in/Plum-BodyLovin-Drivin-Non-Drying-Sulphate-free/dp/B09FFF84HD
73,https://www.amazon.in/Plum-Bodylovin-Especially-Non-Greasy-Cruelty-Free/dp/B08P753M3H
74,https://www.amazon.in/Plum-Luminence-Healthy-Hydration-Gift/dp/B08LXZP9SF
75,https://www.amazon.in/Plum-Sunscreen-Production-Ingredients-Non-Sticky/dp/B09FCMZ1CV
76,https://www.amazon.in/Plum-Renewed-Acne-Prone-Combination-Overnight/dp/B09PNPX4WJ
77,https://www.amazon.in/Plum-Green-Tea-Super-Combo/dp/B08646CR1F
78,https://www.amazon.in/Plum-Green-Tea-Renewed-Clarity/dp/B07VSGC57P
79,https://www.amazon.in/Plum-Grapeseed-Buckthorn-Instant-Hydration/dp/B08P3BPN7N
80,https://www.amazon.in/Plum-BodyLovin-Fragrances-SuphateFree-millilitre/dp/B08VHD831K
81,https://www.amazon.in/Plum-Happy-Sun-Days-Extracts-Cruelty/dp/B08Z4V4J57
82,https://www.amazon.in/Plum-Acne-Fighting-Enriched-Ingredients-Acne-Scars/dp/B09FC953R8
83,https://www.amazon.in/Plum-Smoothen-Hydration-Activated-Maintains/dp/B08Z93595V
84,https://www.amazon.in/Plum-Restoration-Hyaluronic-Vitamin-Anti-Ageing/dp/B08Z51YVWQ
85,https://www.amazon.in/Plum-Infusions-Sleeping-Extracts-Overnight/dp/B08XN25BRP
86,https://www.amazon.in/Plum-BodyLovin-Tropical-Hydration-Silicone/dp/B08JH2CWZ9
87,https://www.amazon.in/Plum-Restorative-Overnight-Ultra-hydrating-Chamomile/dp/B09NLXQWC2
88,https://www.amazon.in/Plum-Happy-Sun-Days-Acne-Prone-Paraben/dp/B08Z4Z5WM5
89,https://www.amazon.in/Plum-Blueberry-Breakouts-Improves-Fragrance-Free/dp/B09PV5NBFZ
90,https://www.amazon.in/Plum-Niacinamide-Fermented-Blemish-Free-Fragrance-Free/dp/B09PV4379W
91,https://www.amazon.in/Plum-Ultra-Hydration-Skin-Duo-Fragrance-Free/dp/B09FC1BXSZ
92,https://www.amazon.in/Plum-BodyLovin-Hawaiian-Moisturization-Sulphate-Free/dp/B08X6HF45Z
93,https://www.amazon.in/Plum-Green-Tea-Regime-Kit/dp/B086462Z45
94,https://www.amazon.in/Plum-Green-Clear-Face-Cleansing/dp/B07R37MW3P
95,https://www.amazon.in/Plum-Green-Tea-Clear-Skin/dp/B086468D2B
96,https://www.amazon.in/Plum-Chamomile-Antioxidant-Combination-Glow-Getter/dp/B09NLWKDDN
97,https://www.amazon.in/Plum-Bodylovin-Coffee-Moisturization-Sulphate/dp/B08X5Y3S35
98,https://www.amazon.in/Plum-Bodylovin-Tropical-Non-Greasy-Cruelty-Free/dp/B08P7533SN
99,https://www.amazon.in/Plum-Chamomile-Antioxidant-Combination-Brighten/dp/B09NLWMQ8X
100,https://www.amazon.in/Plum-Intense-Moisture-Combo-Sensitive/dp/B08645R95R
101,https://www.amazon.in/Plum-Hello-Aloe-Calm-Soothing/dp/B07RDBBK6C
102,https://www.amazon.in/Plum-BodyLovin-Hydrate-Fragrance-multiple/dp/B08VHCFRLY
103,https://www.amazon.in/Plum-Sunscreen-Revitalizing-Acne-Prone-Combination/dp/B09NLTKRDP
104,https://www.amazon.in/Plum-Moisturizing-Ultra-hydrating-Moisturiser-Nutri-Plenish/dp/B09NLXY4CQ
105,https://www.amazon.in/Plum-Buckthorn-Glow-Restore-Hydrates-Paraben/dp/B09NLXW7BS
106,https://www.amazon.in/Plum-Cleanses-Exfoliation-Extracts-Cruelty/dp/B08VFLN45F
107,https://www.amazon.in/Plum-Luminence-Moisturizing-Ultra-hydrating-Moisturiser/dp/B09NLXXTVV
108,https://www.amazon.in/Plum-Green-Alcohol-Shrinks-Tightens/dp/B09NLVRVR1
109,https://www.amazon.in/Plum-BodyLovin-Beachy-Floral-Fruity-Sulphate-Free-millilitre/dp/B08VHCKXLT
110,https://www.amazon.in/Plum-Acne-Prone-Combination-Chamomile-Cleansing/dp/B09NLZDWYY
111,https://www.amazon.in/Plum-Acne-Prone-Combination-Mattifying-Moisturizer/dp/B089FTMLX3
112,https://www.amazon.in/Plum-Acne-Prone-Combination-Mattifying-Moisturizer/dp/B07QYWTD6V
113,https://www.amazon.in/Plum-Acne-Prone-Combination-Overnight-Sunscreen/dp/B082185F5Y
114,https://www.amazon.in/Plum-Revitalizing-Acne-Prone-Combination-Phthalate/dp/B07RTYFQ52
115,https://www.amazon.in/Plum-Revival-Chamomile-Mattifying-Moisturizer/dp/B07R47VT79
116,https://www.amazon.in/Plum-Revitalizing-Acne-Prone-Combination-Nutri-Plenish/dp/B07V7ZPTB1
117,https://www.amazon.in/Plum-Clogged-Revitalizing-Acne-Prone-Spray-100ml/dp/B07V4QJCZH
118,https://www.amazon.in/Plum-Luminence-Moisturizing-Ultra-hydrating-Moisturiser/dp/B09NLV99P5
119,https://www.amazon.in/Plum-Hello-Multi-purpose-Daylight-Sunscreen/dp/B09NLX2XG6
120,https://www.amazon.in/Plum-Luminence-Moisturizing-Antioxidant-Combination/dp/B08QTXS96V
121,https://www.amazon.in/Plum-Chamomile-Combination-Glow-Getter-tanning/dp/B09NLVHMT2
122,https://www.amazon.in/Plum-Exfoliation-Ultra-Hydration-Revitalizing-Make-up/dp/B09NM1JTRV
123,https://www.amazon.in/Plum-Mattifying-Moisturizer-Acne-Prone-Lightweight/dp/B09NLXSH4Z
124,https://www.amazon.in/Plum-Luminence-Moisturizing-Ultra-hydrating-Moisturiser/dp/B09NLZGFBB
125,https://www.amazon.in/Plum-Buckthorn-Glow-Restore-Antioxidant-Combination/dp/B07V7ZQ2FJ
126,https://www.amazon.in/Plum-Get-Glow-Combo-80/dp/B08646G8V9
127,https://www.amazon.in/Plum-Renewed-Acne-Prone-Combination-Overnight/dp/B07R271NCX
128,https://www.amazon.in/Plum-Mattifying-Moisturizer-Acne-Prone-Revitalizing/dp/B09NLY53BX
129,https://www.amazon.in/Plum-delicious-Hydration-Natural-Flavour/dp/B095SY78VT
130,https://www.amazon.in/Plum-Moisturizer-Lightweight-Moisturized-Revitalizing/dp/B07RTYL8LM
131,https://www.amazon.in/Plum-Moisturizing-Ultra-hydrating-Moisturiser-Glow-Restore/dp/B07RNM29VJ
132,https://www.amazon.in/Plum-Renewed-Ultra-Hydration-Daylight-Sunscreen/dp/B09NLVXZQL
133,https://www.amazon.in/Plum-Renewed-Clarity-Acne-Prone-Combination/dp/B07QXTCBBZ
134,https://www.amazon.in/Plum-Green-Cleansing-Revival-Chamomile/dp/B07V8X3WKQ
135,https://www.amazon.in/Plum-Renewed-Acne-Prone-Combination-Cleansing/dp/B07R37R8FP
136,https://www.amazon.in/Plum-Chamomile-Brighten-Glow-Getter-tanning/dp/B09NLY31RF
137,https://www.amazon.in/Plum-Mattifying-Moisturizer-Lightweight-Moisturized/dp/B08218PP8G
138,https://www.amazon.in/Plum-Bestsellers-Kajal-Night-Vegan/dp/B08P3BPNH2
139,https://www.amazon.in/Plum-Macadamia-Moisturizing-Sustainable-Sharpener/dp/B098B4FT12
140,https://www.amazon.in/Plum-Chamomile-Cleansing-Combination-Brighten/dp/B08217H51P
141,https://www.amazon.in/Plum-Tightens-Daylight-Sunscreen-Revitalizing/dp/B09NLXZ157
142,https://www.amazon.in/Plum-Green-Pore-Cleansing-Combo/dp/B07V8WSC1W
143,https://www.amazon.in/Plum-Restorative-Overnight-Ultra-hydrating-Antioxidant/dp/B09NLY31Q2
144,https://www.amazon.in/Plum-Chamomile-Antioxidant-Brighten-Glow-Getter/dp/B09NLZCXQV
145,https://www.amazon.in/Plum-Cleansing-Paraben-Daylight-Sunscreen/dp/B08217V11V
146,https://www.amazon.in/Plum-Favorite-Exfoliation-Extracts-Cruelty/dp/B08VFLCX6G
147,https://www.amazon.in/Plum-Green-Cleansing-Luminence-Moisturizing/dp/B07V5SLSTM
148,https://www.amazon.in/Plum-Moisturizing-Ultra-hydrating-Moisturiser-Glow-Restore/dp/B09NLZC99V
149,https://www.amazon.in/Plum-Luminence-Moisturizing-Ultra-hydrating-Moisturiser/dp/B07RTYLFLD
150,https://www.amazon.in/Plum-Daylight-Sunscreen-Extracts-Clogged/dp/B09NLVJVPT
151,https://www.amazon.in/Plum-Glow-Restore-Revitalizing-Acne-Prone-Combination/dp/B09NLWSS22
152,https://www.amazon.in/Plum-Moisturizer-Chamomile-Antioxidant-Vit-B3-200ml/dp/B09NLY5QQ5
153,https://www.amazon.in/Plum-Renewed-Acne-Prone-Combination-Chamomile/dp/B07V5SLTNG
154,https://www.amazon.in/Plum-Chamomile-Antioxidant-Combination-Nurturance/dp/B09NLY2VD6
155,https://www.amazon.in/Plum-Acne-Prone-Combination-Sunscreen-Cleansing/dp/B09NLZCXQ4
156,https://www.amazon.in/Plum-Tightens-Even-Tone-Daylight-Sunscreen/dp/B082185X9M
157,https://www.amazon.in/Plum-Renewed-Acne-Prone-Combination-Cleansing/dp/B089FTFX35
158,https://www.amazon.in/Plum-Buckthorn-Glow-Restore-Restorative-Ultra-hydrating/dp/B09NLVYTSK
159,https://www.amazon.in/Plum-Clogged-Cruelty-Clarifying-Concentrate/dp/B07RQM5GP8
160,https://www.amazon.in/Plum-Luminence-Moisturizing-Glow-Restore-Nurturance/dp/B09NLXLJ41
